ticker,date,close
IDXENERGY.JK,2023-12-17,2097.44
IDXENERGY.JK,2023-12-24,2100.86
IDXENERGY.JK,2023-12-31,2180.74
IDXENERGY.JK,2024-01-07,2177.36
IDXENERGY.JK,2024-01-14,2164.08
IDXENERGY.JK,2024-01-21,2115.97
IDXENERGY.JK,2024-01-28,2076.88
IDXENERGY.JK,2024-02-04,2076.97
IDXENERGY.JK,2024-02-11,2096.65
IDXENERGY.JK,2024-02-18,2103.24
IDXENERGY.JK,2024-02-25,2109.97
IDXENERGY.JK,2024-03-03,2138.32
IDXENERGY.JK,2024-03-10,2121.01
IDXENERGY.JK,2024-03-17,2134.95
IDXENERGY.JK,2024-03-24,2122.53
IDXENERGY.JK,2024-03-31,2155.81
IDXENERGY.JK,2024-04-14,2184.83
IDXENERGY.JK,2024-04-21,2137.65
IDXENERGY.JK,2024-04-28,2199.06
IDXENERGY.JK,2024-05-05,2229.74
IDXENERGY.JK,2024-05-12,2234.17
IDXENERGY.JK,2024-05-19,2292.57
IDXENERGY.JK,2024-05-26,2306.6
IDXENERGY.JK,2024-06-02,2262.65
IDXENERGY.JK,2024-06-09,2207.37
IDXENERGY.JK,2024-06-16,2254.54
IDXENERGY.JK,2024-06-23,2315.38
IDXENERGY.JK,2024-06-30,2450.95
IDXENERGY.JK,2024-07-07,2414.48
IDXENERGY.JK,2024-07-14,2455.72
IDXENERGY.JK,2024-07-21,2461.26
IDXENERGY.JK,2024-07-28,2479.49
IDXENERGY.JK,2024-08-04,2425.17
IDXENERGY.JK,2024-08-11,2565.01
IDXENERGY.JK,2024-08-18,2592.4
IDXENERGY.JK,2024-08-25,2662.89
IDXENERGY.JK,2024-09-01,2644.91
IDXENERGY.JK,2024-09-08,2643.5
IDXENERGY.JK,2024-09-15,2665.64
IDXENERGY.JK,2024-09-22,2763.29
IDXENERGY.JK,2024-09-29,2747.12
IDXENERGY.JK,2024-10-06,2726.05
IDXENERGY.JK,2024-10-13,2767.31
IDXENERGY.JK,2024-10-20,2758.12
IDXENERGY.JK,2024-10-27,2729.92
IDXENERGY.JK,2024-11-03,2676.68
IDXENERGY.JK,2024-11-10,2678.97
IDXENERGY.JK,2024-11-17,2688.3
IDXENERGY.JK,2024-11-24,2569.75
IDXENERGY.JK,2024-12-01,2686.53
IDXENERGY.JK,2024-12-08,2770.26
IDXENERGY.JK,2024-12-15,2639.72
IDXENERGY.JK,2024-12-22,2658.29
IDXENERGY.JK,2024-12-29,2724.15
IDXENERGY.JK,2025-01-05,2765.68
IDXENERGY.JK,2025-01-12,2849.61
IDXENERGY.JK,2025-01-19,2877.8
IDXENERGY.JK,2025-01-26,2889.73
IDXENERGY.JK,2025-02-02,2670.11
IDXENERGY.JK,2025-02-09,2574.9
IDXENERGY.JK,2025-02-16,2640.3
IDXENERGY.JK,2025-02-23,2405.98
IDXENERGY.JK,2025-03-02,2451.63
IDXENERGY.JK,2025-03-09,2403.69
IDXENERGY.JK,2025-03-16,2359.97
IDXENERGY.JK,2025-03-23,2375.81
IDXENERGY.JK,2025-04-06,2285.13
IDXENERGY.JK,2025-04-13,2413.03
IDXENERGY.JK,2025-04-20,2498.35
IDXENERGY.JK,2025-04-27,2537.41
IDXENERGY.JK,2025-05-04,2589.98
IDXENERGY.JK,2025-05-11,2736.52
IDXENERGY.JK,2025-05-18,2789.95
IDXENERGY.JK,2025-05-25,2812.31
IDXENERGY.JK,2025-06-01,2820.59
IDXENERGY.JK,2025-06-08,2884.85
IDXENERGY.JK,2025-06-15,2806.46
IDXENERGY.JK,2025-06-22,2689.31
IDXENERGY.JK,2025-06-29,2696.4
IDXENERGY.JK,2025-07-06,2800.17
IDXENERGY.JK,2025-07-13,2957.66
IDXENERGY.JK,2025-07-20,2944.21
IDXENERGY.JK,2025-07-27,2962.78
IDXENERGY.JK,2025-08-03,3023.6
IDXENERGY.JK,2025-08-10,3061.96
IDXENERGY.JK,2025-08-17,3030.07
IDXENERGY.JK,2025-08-24,3082.93
IDXENERGY.JK,2025-08-31,3153.14
IDXENERGY.JK,2025-09-07,3118.54
IDXENERGY.JK,2025-09-14,3280.15
IDXENERGY.JK,2025-09-21,3434.53
IDXENERGY.JK,2025-09-28,3528.61
IDXENERGY.JK,2025-10-05,3773.92
IDXENERGY.JK,2025-10-12,3518.73
IDXENERGY.JK,2025-10-19,3653.32
IDXENERGY.JK,2025-10-26,3584.727
IDXENERGY.JK,2025-11-02,3759.649
IDXENERGY.JK,2025-11-09,3863.506
IDXENERGY.JK,2025-11-16,3876.243
IDXENERGY.JK,2025-11-23,4113.18
IDXENERGY.JK,2025-11-30,4159.437
IDXENERGY.JK,2025-12-07,4429.197
IDXENERGY.JK,2025-12-14,4302.928
IDXENERGY.JK,2025-12-21,4324.731
IDXENERGY.JK,2025-12-28,4601.694
IDXENERGY.JK,2026-01-04,4880.092
IDXENERGY.JK,2026-01-11,4859.264
IDXENERGY.JK,2026-01-18,4696.26
IDXENERGY.JK,2026-01-25,4118.785
IDXENERGY.JK,2026-02-01,3754.698
IDXENERGY.JK,2026-02-08,4202.944
IDXENERGY.JK,2026-02-15,4296.816
IDXENERGY.JK,2026-02-22,4180.362
IDXENERGY.JK,2026-03-01,3970.408
IDXENERGY.JK,2026-03-08,3670.104
IDXENERGY.JK,2026-03-15,3625.652
IDXENERGY.JK,2026-03-22,3714.328
IDXENERGY.JK,2026-03-29,3658.02
IDXENERGY.JK,2026-04-05,3945.618
IDXENERGY.JK,2026-04-12,4183.208
IDXENERGY.JK,2026-04-19,3842.072
IDXENERGY.JK,2026-04-26,3755.432
IDXENERGY.JK,2026-05-03,3540.488
IDXENERGY.JK,2026-05-10,3413.434
IDXENERGY.JK,2026-05-17,2946.469
IDXENERGY.JK,2026-05-24,2911.974
IDXENERGY.JK,2026-05-31,2611.332
IDXENERGY.JK,2026-06-07,2851.889
IDXBASIC.JK,2023-12-17,1330.44
IDXBASIC.JK,2023-12-24,1307.47
IDXBASIC.JK,2023-12-31,1325.84
IDXBASIC.JK,2024-01-07,1249.42
IDXBASIC.JK,2024-01-14,1291.5
IDXBASIC.JK,2024-01-21,1284.91
IDXBASIC.JK,2024-01-28,1286.32
IDXBASIC.JK,2024-02-04,1244.03
IDXBASIC.JK,2024-02-11,1250.63
IDXBASIC.JK,2024-02-18,1247.79
IDXBASIC.JK,2024-02-25,1257.05
IDXBASIC.JK,2024-03-03,1271.69
IDXBASIC.JK,2024-03-10,1268.37
IDXBASIC.JK,2024-03-17,1291.41
IDXBASIC.JK,2024-03-24,1288.43
IDXBASIC.JK,2024-03-31,1359.61
IDXBASIC.JK,2024-04-14,1344.31
IDXBASIC.JK,2024-04-21,1299.02
IDXBASIC.JK,2024-04-28,1316.08
IDXBASIC.JK,2024-05-05,1343.9
IDXBASIC.JK,2024-05-12,1431.88
IDXBASIC.JK,2024-05-19,1428.34
IDXBASIC.JK,2024-05-26,1407.36
IDXBASIC.JK,2024-06-02,1347.27
IDXBASIC.JK,2024-06-09,1300.16
IDXBASIC.JK,2024-06-16,1307.15
IDXBASIC.JK,2024-06-23,1341.91
IDXBASIC.JK,2024-06-30,1393.75
IDXBASIC.JK,2024-07-07,1386.35
IDXBASIC.JK,2024-07-14,1364.42
IDXBASIC.JK,2024-07-21,1346.8
IDXBASIC.JK,2024-07-28,1360.74
IDXBASIC.JK,2024-08-04,1318.38
IDXBASIC.JK,2024-08-11,1346.46
IDXBASIC.JK,2024-08-18,1343.61
IDXBASIC.JK,2024-08-25,1357.05
IDXBASIC.JK,2024-09-01,1328.61
IDXBASIC.JK,2024-09-08,1324.04
IDXBASIC.JK,2024-09-15,1307.32
IDXBASIC.JK,2024-09-22,1377.24
IDXBASIC.JK,2024-09-29,1398.31
IDXBASIC.JK,2024-10-06,1397.32
IDXBASIC.JK,2024-10-13,1453.25
IDXBASIC.JK,2024-10-20,1433.69
IDXBASIC.JK,2024-10-27,1400.59
IDXBASIC.JK,2024-11-03,1382.05
IDXBASIC.JK,2024-11-10,1321.93
IDXBASIC.JK,2024-11-17,1338.42
IDXBASIC.JK,2024-11-24,1303.3
IDXBASIC.JK,2024-12-01,1349.92
IDXBASIC.JK,2024-12-08,1343.31
IDXBASIC.JK,2024-12-15,1233
IDXBASIC.JK,2024-12-22,1236.79
IDXBASIC.JK,2024-12-29,1273.66
IDXBASIC.JK,2025-01-05,1226
IDXBASIC.JK,2025-01-12,1230.84
IDXBASIC.JK,2025-01-19,1225.45
IDXBASIC.JK,2025-01-26,1190.15
IDXBASIC.JK,2025-02-02,1124.81
IDXBASIC.JK,2025-02-09,1137.73
IDXBASIC.JK,2025-02-16,1204.83
IDXBASIC.JK,2025-02-23,1052.72
IDXBASIC.JK,2025-03-02,1114.13
IDXBASIC.JK,2025-03-09,1041.86
IDXBASIC.JK,2025-03-16,1009.42
IDXBASIC.JK,2025-03-23,1038.48
IDXBASIC.JK,2025-04-06,994.82
IDXBASIC.JK,2025-04-13,1099
IDXBASIC.JK,2025-04-20,1155.49
IDXBASIC.JK,2025-04-27,1185
IDXBASIC.JK,2025-05-04,1243.2
IDXBASIC.JK,2025-05-11,1279.47
IDXBASIC.JK,2025-05-18,1400.05
IDXBASIC.JK,2025-05-25,1401.86
IDXBASIC.JK,2025-06-01,1501.24
IDXBASIC.JK,2025-06-08,1542.55
IDXBASIC.JK,2025-06-15,1454.83
IDXBASIC.JK,2025-06-22,1432.73
IDXBASIC.JK,2025-06-29,1472.82
IDXBASIC.JK,2025-07-06,1520.43
IDXBASIC.JK,2025-07-13,1585.2
IDXBASIC.JK,2025-07-20,1606.61
IDXBASIC.JK,2025-07-27,1664.42
IDXBASIC.JK,2025-08-03,1667.39
IDXBASIC.JK,2025-08-10,1619.17
IDXBASIC.JK,2025-08-17,1633.74
IDXBASIC.JK,2025-08-24,1635.92
IDXBASIC.JK,2025-08-31,1686.99
IDXBASIC.JK,2025-09-07,1716.99
IDXBASIC.JK,2025-09-14,1795.23
IDXBASIC.JK,2025-09-21,1886.95
IDXBASIC.JK,2025-09-28,1997.84
IDXBASIC.JK,2025-10-05,2080.97
IDXBASIC.JK,2025-10-12,2028.5
IDXBASIC.JK,2025-10-19,1974.28
IDXBASIC.JK,2025-10-26,1984.71
IDXBASIC.JK,2025-11-02,1999.553
IDXBASIC.JK,2025-11-09,1999.032
IDXBASIC.JK,2025-11-16,1943.499
IDXBASIC.JK,2025-11-23,1983.024
IDXBASIC.JK,2025-11-30,1976.965
IDXBASIC.JK,2025-12-07,2067.031
IDXBASIC.JK,2025-12-14,2020.611
IDXBASIC.JK,2025-12-21,2019.745
IDXBASIC.JK,2025-12-28,2114.304
IDXBASIC.JK,2026-01-04,2246.382
IDXBASIC.JK,2026-01-11,2334.93
IDXBASIC.JK,2026-01-18,2369.467
IDXBASIC.JK,2026-01-25,2233.972
IDXBASIC.JK,2026-02-01,2110.264
IDXBASIC.JK,2026-02-08,2314.071
IDXBASIC.JK,2026-02-15,2388.671
IDXBASIC.JK,2026-02-22,2465.343
IDXBASIC.JK,2026-03-01,2182.799
IDXBASIC.JK,2026-03-08,2018.71
IDXBASIC.JK,2026-03-15,2049.867
IDXBASIC.JK,2026-03-22,1991.627
IDXBASIC.JK,2026-03-29,1955.011
IDXBASIC.JK,2026-04-05,2198.231
IDXBASIC.JK,2026-04-12,2316.172
IDXBASIC.JK,2026-04-19,2230.672
IDXBASIC.JK,2026-04-26,2142.054
IDXBASIC.JK,2026-05-03,2022.604
IDXBASIC.JK,2026-05-10,1965.144
IDXBASIC.JK,2026-05-17,1644.706
IDXBASIC.JK,2026-05-24,1657.641
IDXBASIC.JK,2026-05-31,1477.792
IDXBASIC.JK,2026-06-07,1572.531
IDXINDUST.JK,2023-12-17,1082.52
IDXINDUST.JK,2023-12-24,1093.76
IDXINDUST.JK,2023-12-31,1103.76
IDXINDUST.JK,2024-01-07,1115.97
IDXINDUST.JK,2024-01-14,1112.63
IDXINDUST.JK,2024-01-21,1084.62
IDXINDUST.JK,2024-01-28,1088.65
IDXINDUST.JK,2024-02-04,1082.91
IDXINDUST.JK,2024-02-11,1089.55
IDXINDUST.JK,2024-02-18,1091.5
IDXINDUST.JK,2024-02-25,1103.77
IDXINDUST.JK,2024-03-03,1105.02
IDXINDUST.JK,2024-03-10,1103.17
IDXINDUST.JK,2024-03-17,1114.6
IDXINDUST.JK,2024-03-24,1088.02
IDXINDUST.JK,2024-03-31,1096.75
IDXINDUST.JK,2024-04-14,1066.49
IDXINDUST.JK,2024-04-21,1043.51
IDXINDUST.JK,2024-04-28,1061.54
IDXINDUST.JK,2024-05-05,1040.41
IDXINDUST.JK,2024-05-12,1033.4
IDXINDUST.JK,2024-05-19,1024.46
IDXINDUST.JK,2024-05-26,977.72
IDXINDUST.JK,2024-06-02,943.9
IDXINDUST.JK,2024-06-09,897.71
IDXINDUST.JK,2024-06-16,914.81
IDXINDUST.JK,2024-06-23,928.82
IDXINDUST.JK,2024-06-30,986.14
IDXINDUST.JK,2024-07-07,1018.84
IDXINDUST.JK,2024-07-14,1018.75
IDXINDUST.JK,2024-07-21,1027.56
IDXINDUST.JK,2024-07-28,1036.58
IDXINDUST.JK,2024-08-04,1025.97
IDXINDUST.JK,2024-08-11,1038.53
IDXINDUST.JK,2024-08-18,1079.27
IDXINDUST.JK,2024-08-25,1079.47
IDXINDUST.JK,2024-09-01,1088.95
IDXINDUST.JK,2024-09-08,1076.05
IDXINDUST.JK,2024-09-15,1087.96
IDXINDUST.JK,2024-09-22,1077.77
IDXINDUST.JK,2024-09-29,1071.77
IDXINDUST.JK,2024-10-06,1061.29
IDXINDUST.JK,2024-10-13,1075.52
IDXINDUST.JK,2024-10-20,1103.05
IDXINDUST.JK,2024-10-27,1095.51
IDXINDUST.JK,2024-11-03,1082.34
IDXINDUST.JK,2024-11-10,1067.03
IDXINDUST.JK,2024-11-17,1064.93
IDXINDUST.JK,2024-11-24,1069.19
IDXINDUST.JK,2024-12-01,1078.96
IDXINDUST.JK,2024-12-08,1073.39
IDXINDUST.JK,2024-12-15,1013.97
IDXINDUST.JK,2024-12-22,1018.46
IDXINDUST.JK,2024-12-29,1018.09
IDXINDUST.JK,2025-01-05,1007.66
IDXINDUST.JK,2025-01-12,989.93
IDXINDUST.JK,2025-01-19,972.55
IDXINDUST.JK,2025-01-26,963.53
IDXINDUST.JK,2025-02-02,942.15
IDXINDUST.JK,2025-02-09,946.43
IDXINDUST.JK,2025-02-16,977.05
IDXINDUST.JK,2025-02-23,922.83
IDXINDUST.JK,2025-03-02,974.61
IDXINDUST.JK,2025-03-09,941.8
IDXINDUST.JK,2025-03-16,938.78
IDXINDUST.JK,2025-03-23,962.41
IDXINDUST.JK,2025-04-06,917.4
IDXINDUST.JK,2025-04-13,936.57
IDXINDUST.JK,2025-04-20,970.09
IDXINDUST.JK,2025-04-27,963.99
IDXINDUST.JK,2025-05-04,949.87
IDXINDUST.JK,2025-05-11,962.35
IDXINDUST.JK,2025-05-18,958.11
IDXINDUST.JK,2025-05-25,967.87
IDXINDUST.JK,2025-06-01,936.81
IDXINDUST.JK,2025-06-08,943.11
IDXINDUST.JK,2025-06-15,914.25
IDXINDUST.JK,2025-06-22,907.55
IDXINDUST.JK,2025-06-29,914.05
IDXINDUST.JK,2025-07-06,940.88
IDXINDUST.JK,2025-07-13,945.93
IDXINDUST.JK,2025-07-20,1004.6
IDXINDUST.JK,2025-07-27,1017.13
IDXINDUST.JK,2025-08-03,1069.92
IDXINDUST.JK,2025-08-10,1129.77
IDXINDUST.JK,2025-08-17,1182.69
IDXINDUST.JK,2025-08-24,1267.59
IDXINDUST.JK,2025-08-31,1332.09
IDXINDUST.JK,2025-09-07,1357.59
IDXINDUST.JK,2025-09-14,1507.09
IDXINDUST.JK,2025-09-21,1624.45
IDXINDUST.JK,2025-09-28,1635.32
IDXINDUST.JK,2025-10-05,1661.94
IDXINDUST.JK,2025-10-12,1611.54
IDXINDUST.JK,2025-10-19,1730.99
IDXINDUST.JK,2025-10-26,1628.239
IDXINDUST.JK,2025-11-02,1695.248
IDXINDUST.JK,2025-11-09,1714.097
IDXINDUST.JK,2025-11-16,1730.05
IDXINDUST.JK,2025-11-23,1839.861
IDXINDUST.JK,2025-11-30,2057.496
IDXINDUST.JK,2025-12-07,2020.901
IDXINDUST.JK,2025-12-14,2050.488
IDXINDUST.JK,2025-12-21,2110.021
IDXINDUST.JK,2025-12-28,2201.809
IDXINDUST.JK,2026-01-04,2338.141
IDXINDUST.JK,2026-01-11,2431.341
IDXINDUST.JK,2026-01-18,2268.892
IDXINDUST.JK,2026-01-25,1932.041
IDXINDUST.JK,2026-02-01,1818.876
IDXINDUST.JK,2026-02-08,1963.319
IDXINDUST.JK,2026-02-15,2005.619
IDXINDUST.JK,2026-02-22,2110.651
IDXINDUST.JK,2026-03-01,1876.664
IDXINDUST.JK,2026-03-08,1755.705
IDXINDUST.JK,2026-03-15,1774.26
IDXINDUST.JK,2026-03-22,1804.679
IDXINDUST.JK,2026-03-29,1865.086
IDXINDUST.JK,2026-04-05,1994.432
IDXINDUST.JK,2026-04-12,2180.455
IDXINDUST.JK,2026-04-19,2095.871
IDXINDUST.JK,2026-04-26,2061.265
IDXINDUST.JK,2026-05-03,1984.369
IDXINDUST.JK,2026-05-10,1916.667
IDXINDUST.JK,2026-05-17,1692.406
IDXINDUST.JK,2026-05-24,1653.344
IDXINDUST.JK,2026-05-31,1433.093
IDXINDUST.JK,2026-06-07,1542.022
IDXNONCYC.JK,2023-12-17,710.87
IDXNONCYC.JK,2023-12-24,722.4
IDXNONCYC.JK,2023-12-31,719.06
IDXNONCYC.JK,2024-01-07,704.84
IDXNONCYC.JK,2024-01-14,703.45
IDXNONCYC.JK,2024-01-21,696.55
IDXNONCYC.JK,2024-01-28,701.14
IDXNONCYC.JK,2024-02-04,703.24
IDXNONCYC.JK,2024-02-11,705.64
IDXNONCYC.JK,2024-02-18,704.19
IDXNONCYC.JK,2024-02-25,710.2
IDXNONCYC.JK,2024-03-03,707.84
IDXNONCYC.JK,2024-03-10,709.19
IDXNONCYC.JK,2024-03-17,720.14
IDXNONCYC.JK,2024-03-24,724.74
IDXNONCYC.JK,2024-03-31,715.36
IDXNONCYC.JK,2024-04-14,678.78
IDXNONCYC.JK,2024-04-21,684.83
IDXNONCYC.JK,2024-04-28,691.68
IDXNONCYC.JK,2024-05-05,692.54
IDXNONCYC.JK,2024-05-12,701.58
IDXNONCYC.JK,2024-05-19,708.69
IDXNONCYC.JK,2024-05-26,690.55
IDXNONCYC.JK,2024-06-02,698.28
IDXNONCYC.JK,2024-06-09,687.22
IDXNONCYC.JK,2024-06-16,684.59
IDXNONCYC.JK,2024-06-23,690.42
IDXNONCYC.JK,2024-06-30,699.68
IDXNONCYC.JK,2024-07-07,713.88
IDXNONCYC.JK,2024-07-14,717.07
IDXNONCYC.JK,2024-07-21,708.47
IDXNONCYC.JK,2024-07-28,701
IDXNONCYC.JK,2024-08-04,702.16
IDXNONCYC.JK,2024-08-11,709.44
IDXNONCYC.JK,2024-08-18,716.08
IDXNONCYC.JK,2024-08-25,711.39
IDXNONCYC.JK,2024-09-01,723.28
IDXNONCYC.JK,2024-09-08,732.36
IDXNONCYC.JK,2024-09-15,738.03
IDXNONCYC.JK,2024-09-22,750.66
IDXNONCYC.JK,2024-09-29,734.51
IDXNONCYC.JK,2024-10-06,740.49
IDXNONCYC.JK,2024-10-13,770.25
IDXNONCYC.JK,2024-10-20,768.93
IDXNONCYC.JK,2024-10-27,747.96
IDXNONCYC.JK,2024-11-03,740.54
IDXNONCYC.JK,2024-11-10,727.1
IDXNONCYC.JK,2024-11-17,719.75
IDXNONCYC.JK,2024-11-24,724.4
IDXNONCYC.JK,2024-12-01,738.2
IDXNONCYC.JK,2024-12-08,735.48
IDXNONCYC.JK,2024-12-15,704.05
IDXNONCYC.JK,2024-12-22,713.24
IDXNONCYC.JK,2024-12-29,716.74
IDXNONCYC.JK,2025-01-05,708.89
IDXNONCYC.JK,2025-01-12,704.55
IDXNONCYC.JK,2025-01-19,709.27
IDXNONCYC.JK,2025-01-26,717.36
IDXNONCYC.JK,2025-02-02,702.3
IDXNONCYC.JK,2025-02-09,698.6
IDXNONCYC.JK,2025-02-16,689.1
IDXNONCYC.JK,2025-02-23,636.86
IDXNONCYC.JK,2025-03-02,660.61
IDXNONCYC.JK,2025-03-09,653.36
IDXNONCYC.JK,2025-03-16,629.07
IDXNONCYC.JK,2025-03-23,642.46
IDXNONCYC.JK,2025-04-06,629.25
IDXNONCYC.JK,2025-04-13,643.4
IDXNONCYC.JK,2025-04-20,671.95
IDXNONCYC.JK,2025-04-27,678.11
IDXNONCYC.JK,2025-05-04,683.02
IDXNONCYC.JK,2025-05-11,698.08
IDXNONCYC.JK,2025-05-18,696.65
IDXNONCYC.JK,2025-05-25,688.8
IDXNONCYC.JK,2025-06-01,687.7
IDXNONCYC.JK,2025-06-08,684.59
IDXNONCYC.JK,2025-06-15,659.11
IDXNONCYC.JK,2025-06-22,662.28
IDXNONCYC.JK,2025-06-29,671.28
IDXNONCYC.JK,2025-07-06,682.8
IDXNONCYC.JK,2025-07-13,685
IDXNONCYC.JK,2025-07-20,691.78
IDXNONCYC.JK,2025-07-27,713.06
IDXNONCYC.JK,2025-08-03,699.99
IDXNONCYC.JK,2025-08-10,704.03
IDXNONCYC.JK,2025-08-17,722.4
IDXNONCYC.JK,2025-08-24,708.11
IDXNONCYC.JK,2025-08-31,716.32
IDXNONCYC.JK,2025-09-07,725.86
IDXNONCYC.JK,2025-09-14,754.58
IDXNONCYC.JK,2025-09-21,802.41
IDXNONCYC.JK,2025-09-28,803.58
IDXNONCYC.JK,2025-10-05,816.89
IDXNONCYC.JK,2025-10-12,806.97
IDXNONCYC.JK,2025-10-19,827.43
IDXNONCYC.JK,2025-10-26,817.869
IDXNONCYC.JK,2025-11-02,799.333
IDXNONCYC.JK,2025-11-09,798.649
IDXNONCYC.JK,2025-11-16,798.317
IDXNONCYC.JK,2025-11-23,802.188
IDXNONCYC.JK,2025-11-30,800.848
IDXNONCYC.JK,2025-12-07,785.598
IDXNONCYC.JK,2025-12-14,796.006
IDXNONCYC.JK,2025-12-21,792.065
IDXNONCYC.JK,2025-12-28,805.296
IDXNONCYC.JK,2026-01-04,817.42
IDXNONCYC.JK,2026-01-11,821.259
IDXNONCYC.JK,2026-01-18,851.753
IDXNONCYC.JK,2026-01-25,806.891
IDXNONCYC.JK,2026-02-01,786.899
IDXNONCYC.JK,2026-02-08,794.593
IDXNONCYC.JK,2026-02-15,796.254
IDXNONCYC.JK,2026-02-22,782.941
IDXNONCYC.JK,2026-03-01,729.576
IDXNONCYC.JK,2026-03-08,696.763
IDXNONCYC.JK,2026-03-15,703.132
IDXNONCYC.JK,2026-03-22,718.188
IDXNONCYC.JK,2026-03-29,734.535
IDXNONCYC.JK,2026-04-05,742.267
IDXNONCYC.JK,2026-04-12,770.578
IDXNONCYC.JK,2026-04-19,739.886
IDXNONCYC.JK,2026-04-26,726.244
IDXNONCYC.JK,2026-05-03,741.464
IDXNONCYC.JK,2026-05-10,726.602
IDXNONCYC.JK,2026-05-17,687.599
IDXNONCYC.JK,2026-05-24,670.737
IDXNONCYC.JK,2026-05-31,603.392
IDXNONCYC.JK,2026-06-07,627.689
IDXCYCLIC.JK,2023-12-17,808.25
IDXCYCLIC.JK,2023-12-24,821.42
IDXCYCLIC.JK,2023-12-31,834.49
IDXCYCLIC.JK,2024-01-07,858.2
IDXCYCLIC.JK,2024-01-14,861.65
IDXCYCLIC.JK,2024-01-21,848.85
IDXCYCLIC.JK,2024-01-28,857.21
IDXCYCLIC.JK,2024-02-04,851.33
IDXCYCLIC.JK,2024-02-11,844.33
IDXCYCLIC.JK,2024-02-18,855.56
IDXCYCLIC.JK,2024-02-25,847.74
IDXCYCLIC.JK,2024-03-03,828.54
IDXCYCLIC.JK,2024-03-10,825.25
IDXCYCLIC.JK,2024-03-17,827.22
IDXCYCLIC.JK,2024-03-24,820.13
IDXCYCLIC.JK,2024-03-31,815.23
IDXCYCLIC.JK,2024-04-14,778.3
IDXCYCLIC.JK,2024-04-21,756.2
IDXCYCLIC.JK,2024-04-28,753.18
IDXCYCLIC.JK,2024-05-05,749.35
IDXCYCLIC.JK,2024-05-12,755.58
IDXCYCLIC.JK,2024-05-19,738.51
IDXCYCLIC.JK,2024-05-26,717.77
IDXCYCLIC.JK,2024-06-02,733.18
IDXCYCLIC.JK,2024-06-09,705.02
IDXCYCLIC.JK,2024-06-16,703.02
IDXCYCLIC.JK,2024-06-23,717.25
IDXCYCLIC.JK,2024-06-30,729.55
IDXCYCLIC.JK,2024-07-07,738.76
IDXCYCLIC.JK,2024-07-14,748.73
IDXCYCLIC.JK,2024-07-21,745.78
IDXCYCLIC.JK,2024-07-28,764.18
IDXCYCLIC.JK,2024-08-04,759.82
IDXCYCLIC.JK,2024-08-11,827.28
IDXCYCLIC.JK,2024-08-18,866.29
IDXCYCLIC.JK,2024-08-25,914.24
IDXCYCLIC.JK,2024-09-01,912.37
IDXCYCLIC.JK,2024-09-08,903.62
IDXCYCLIC.JK,2024-09-15,906.66
IDXCYCLIC.JK,2024-09-22,890.74
IDXCYCLIC.JK,2024-09-29,862.34
IDXCYCLIC.JK,2024-10-06,881.27
IDXCYCLIC.JK,2024-10-13,880.6
IDXCYCLIC.JK,2024-10-20,877.33
IDXCYCLIC.JK,2024-10-27,880.79
IDXCYCLIC.JK,2024-11-03,850
IDXCYCLIC.JK,2024-11-10,820.15
IDXCYCLIC.JK,2024-11-17,838.32
IDXCYCLIC.JK,2024-11-24,845.53
IDXCYCLIC.JK,2024-12-01,837.27
IDXCYCLIC.JK,2024-12-08,851.5
IDXCYCLIC.JK,2024-12-15,810.44
IDXCYCLIC.JK,2024-12-22,821.35
IDXCYCLIC.JK,2024-12-29,818.81
IDXCYCLIC.JK,2025-01-05,808.91
IDXCYCLIC.JK,2025-01-12,818.18
IDXCYCLIC.JK,2025-01-19,828.52
IDXCYCLIC.JK,2025-01-26,821.08
IDXCYCLIC.JK,2025-02-02,794.4
IDXCYCLIC.JK,2025-02-09,806.05
IDXCYCLIC.JK,2025-02-16,818.24
IDXCYCLIC.JK,2025-02-23,770.09
IDXCYCLIC.JK,2025-03-02,772.94
IDXCYCLIC.JK,2025-03-09,765.14
IDXCYCLIC.JK,2025-03-16,707.79
IDXCYCLIC.JK,2025-03-23,713.02
IDXCYCLIC.JK,2025-04-06,669.9
IDXCYCLIC.JK,2025-04-13,688.39
IDXCYCLIC.JK,2025-04-20,708.15
IDXCYCLIC.JK,2025-04-27,723.27
IDXCYCLIC.JK,2025-05-04,738.04
IDXCYCLIC.JK,2025-05-11,739.55
IDXCYCLIC.JK,2025-05-18,742.39
IDXCYCLIC.JK,2025-05-25,733.53
IDXCYCLIC.JK,2025-06-01,734.88
IDXCYCLIC.JK,2025-06-08,736.21
IDXCYCLIC.JK,2025-06-15,712.56
IDXCYCLIC.JK,2025-06-22,702.6
IDXCYCLIC.JK,2025-06-29,725.37
IDXCYCLIC.JK,2025-07-06,729.73
IDXCYCLIC.JK,2025-07-13,703.53
IDXCYCLIC.JK,2025-07-20,707.79
IDXCYCLIC.JK,2025-07-27,736.1
IDXCYCLIC.JK,2025-08-03,783.26
IDXCYCLIC.JK,2025-08-10,802.25
IDXCYCLIC.JK,2025-08-17,811.96
IDXCYCLIC.JK,2025-08-24,796.35
IDXCYCLIC.JK,2025-08-31,834.78
IDXCYCLIC.JK,2025-09-07,837.25
IDXCYCLIC.JK,2025-09-14,866.52
IDXCYCLIC.JK,2025-09-21,876.73
IDXCYCLIC.JK,2025-09-28,919.62
IDXCYCLIC.JK,2025-10-05,920.07
IDXCYCLIC.JK,2025-10-12,889.31
IDXCYCLIC.JK,2025-10-19,927.33
IDXCYCLIC.JK,2025-10-26,938.654
IDXCYCLIC.JK,2025-11-02,969.163
IDXCYCLIC.JK,2025-11-09,962.373
IDXCYCLIC.JK,2025-11-16,999.091
IDXCYCLIC.JK,2025-11-23,1037.891
IDXCYCLIC.JK,2025-11-30,1142.439
IDXCYCLIC.JK,2025-12-07,1154.526
IDXCYCLIC.JK,2025-12-14,1113.911
IDXCYCLIC.JK,2025-12-21,1147.814
IDXCYCLIC.JK,2025-12-28,1268.878
IDXCYCLIC.JK,2026-01-04,1339.109
IDXCYCLIC.JK,2026-01-11,1402.674
IDXCYCLIC.JK,2026-01-18,1422.036
IDXCYCLIC.JK,2026-01-25,1243.666
IDXCYCLIC.JK,2026-02-01,1063.001
IDXCYCLIC.JK,2026-02-08,1176.785
IDXCYCLIC.JK,2026-02-15,1209.93
IDXCYCLIC.JK,2026-02-22,1224.831
IDXCYCLIC.JK,2026-03-01,1044.402
IDXCYCLIC.JK,2026-03-08,960.891
IDXCYCLIC.JK,2026-03-15,963.313
IDXCYCLIC.JK,2026-03-22,974.023
IDXCYCLIC.JK,2026-03-29,1038.125
IDXCYCLIC.JK,2026-04-05,1152.039
IDXCYCLIC.JK,2026-04-12,1147.876
IDXCYCLIC.JK,2026-04-19,1077.599
IDXCYCLIC.JK,2026-04-26,1062.505
IDXCYCLIC.JK,2026-05-03,1061.095
IDXCYCLIC.JK,2026-05-10,1036.419
IDXCYCLIC.JK,2026-05-17,930.656
IDXCYCLIC.JK,2026-05-24,930.822
IDXCYCLIC.JK,2026-05-31,853.639
IDXCYCLIC.JK,2026-06-07,889.051
IDXHEALTH.JK,2023-12-17,1361.11
IDXHEALTH.JK,2023-12-24,1376.16
IDXHEALTH.JK,2023-12-31,1325.89
IDXHEALTH.JK,2024-01-07,1346.71
IDXHEALTH.JK,2024-01-14,1306.51
IDXHEALTH.JK,2024-01-21,1311.94
IDXHEALTH.JK,2024-01-28,1345.94
IDXHEALTH.JK,2024-02-04,1336.55
IDXHEALTH.JK,2024-02-11,1336.69
IDXHEALTH.JK,2024-02-18,1350.34
IDXHEALTH.JK,2024-02-25,1318.64
IDXHEALTH.JK,2024-03-03,1309.02
IDXHEALTH.JK,2024-03-10,1321.77
IDXHEALTH.JK,2024-03-17,1361.2
IDXHEALTH.JK,2024-03-24,1343.34
IDXHEALTH.JK,2024-03-31,1371.58
IDXHEALTH.JK,2024-04-14,1330.06
IDXHEALTH.JK,2024-04-21,1319.14
IDXHEALTH.JK,2024-04-28,1415.02
IDXHEALTH.JK,2024-05-05,1417.14
IDXHEALTH.JK,2024-05-12,1427.76
IDXHEALTH.JK,2024-05-19,1431.7
IDXHEALTH.JK,2024-05-26,1372.74
IDXHEALTH.JK,2024-06-02,1431.16
IDXHEALTH.JK,2024-06-09,1421.83
IDXHEALTH.JK,2024-06-16,1430.48
IDXHEALTH.JK,2024-06-23,1437.13
IDXHEALTH.JK,2024-06-30,1428.98
IDXHEALTH.JK,2024-07-07,1432.7
IDXHEALTH.JK,2024-07-14,1429.56
IDXHEALTH.JK,2024-07-21,1432.26
IDXHEALTH.JK,2024-07-28,1441.8
IDXHEALTH.JK,2024-08-04,1452.22
IDXHEALTH.JK,2024-08-11,1455.6
IDXHEALTH.JK,2024-08-18,1471.57
IDXHEALTH.JK,2024-08-25,1464.16
IDXHEALTH.JK,2024-09-01,1498.3
IDXHEALTH.JK,2024-09-08,1498.06
IDXHEALTH.JK,2024-09-15,1551.83
IDXHEALTH.JK,2024-09-22,1588.47
IDXHEALTH.JK,2024-09-29,1579.34
IDXHEALTH.JK,2024-10-06,1595.56
IDXHEALTH.JK,2024-10-13,1560.94
IDXHEALTH.JK,2024-10-20,1530.53
IDXHEALTH.JK,2024-10-27,1522.28
IDXHEALTH.JK,2024-11-03,1483.28
IDXHEALTH.JK,2024-11-10,1441.53
IDXHEALTH.JK,2024-11-17,1446.76
IDXHEALTH.JK,2024-11-24,1475.94
IDXHEALTH.JK,2024-12-01,1462.18
IDXHEALTH.JK,2024-12-08,1424.82
IDXHEALTH.JK,2024-12-15,1356.98
IDXHEALTH.JK,2024-12-22,1441.32
IDXHEALTH.JK,2024-12-29,1434.12
IDXHEALTH.JK,2025-01-05,1426.12
IDXHEALTH.JK,2025-01-12,1394.49
IDXHEALTH.JK,2025-01-19,1379.84
IDXHEALTH.JK,2025-01-26,1377.44
IDXHEALTH.JK,2025-02-02,1353.11
IDXHEALTH.JK,2025-02-09,1372.47
IDXHEALTH.JK,2025-02-16,1375.72
IDXHEALTH.JK,2025-02-23,1320.26
IDXHEALTH.JK,2025-03-02,1339.56
IDXHEALTH.JK,2025-03-09,1286.12
IDXHEALTH.JK,2025-03-16,1239.26
IDXHEALTH.JK,2025-03-23,1243.88
IDXHEALTH.JK,2025-04-06,1225.74
IDXHEALTH.JK,2025-04-13,1264.75
IDXHEALTH.JK,2025-04-20,1311.53
IDXHEALTH.JK,2025-04-27,1393.28
IDXHEALTH.JK,2025-05-04,1430.1
IDXHEALTH.JK,2025-05-11,1450.53
IDXHEALTH.JK,2025-05-18,1473.81
IDXHEALTH.JK,2025-05-25,1502.57
IDXHEALTH.JK,2025-06-01,1509.37
IDXHEALTH.JK,2025-06-08,1488.3
IDXHEALTH.JK,2025-06-15,1456.93
IDXHEALTH.JK,2025-06-22,1478.27
IDXHEALTH.JK,2025-06-29,1514.16
IDXHEALTH.JK,2025-07-06,1535.4
IDXHEALTH.JK,2025-07-13,1579.43
IDXHEALTH.JK,2025-07-20,1557.71
IDXHEALTH.JK,2025-07-27,1559.3
IDXHEALTH.JK,2025-08-03,1602.28
IDXHEALTH.JK,2025-08-10,1686.07
IDXHEALTH.JK,2025-08-17,1708.27
IDXHEALTH.JK,2025-08-24,1708.79
IDXHEALTH.JK,2025-08-31,1751.2
IDXHEALTH.JK,2025-09-07,1793.83
IDXHEALTH.JK,2025-09-14,1836.02
IDXHEALTH.JK,2025-09-21,1860.69
IDXHEALTH.JK,2025-09-28,1831.55
IDXHEALTH.JK,2025-10-05,1834.27
IDXHEALTH.JK,2025-10-12,1885.41
IDXHEALTH.JK,2025-10-19,1913.88
IDXHEALTH.JK,2025-10-26,1977.88
IDXHEALTH.JK,2025-11-02,1986.445
IDXHEALTH.JK,2025-11-09,1954.491
IDXHEALTH.JK,2025-11-16,1959.449
IDXHEALTH.JK,2025-11-23,1957.435
IDXHEALTH.JK,2025-11-30,1977.413
IDXHEALTH.JK,2025-12-07,2039.367
IDXHEALTH.JK,2025-12-14,2096.371
IDXHEALTH.JK,2025-12-21,2092.799
IDXHEALTH.JK,2025-12-28,2052.403
IDXHEALTH.JK,2026-01-04,2112.648
IDXHEALTH.JK,2026-01-11,2143.203
IDXHEALTH.JK,2026-01-18,2170.383
IDXHEALTH.JK,2026-01-25,1975.02
IDXHEALTH.JK,2026-02-01,1966.865
IDXHEALTH.JK,2026-02-08,1950.484
IDXHEALTH.JK,2026-02-15,1947.388
IDXHEALTH.JK,2026-02-22,1946.416
IDXHEALTH.JK,2026-03-01,1862.07
IDXHEALTH.JK,2026-03-08,1800.021
IDXHEALTH.JK,2026-03-15,1813.225
IDXHEALTH.JK,2026-03-22,1799.25
IDXHEALTH.JK,2026-03-29,1797.119
IDXHEALTH.JK,2026-04-05,1811.563
IDXHEALTH.JK,2026-04-12,1800.687
IDXHEALTH.JK,2026-04-19,1745.295
IDXHEALTH.JK,2026-04-26,1719.023
IDXHEALTH.JK,2026-05-03,1699.504
IDXHEALTH.JK,2026-05-10,1602.741
IDXHEALTH.JK,2026-05-17,1564.116
IDXHEALTH.JK,2026-05-24,1529.696
IDXHEALTH.JK,2026-05-31,1377.294
IDXHEALTH.JK,2026-06-07,1397.081
IDXFIN.JK,2023-12-17,1443.33
IDXFIN.JK,2023-12-24,1458.32
IDXFIN.JK,2023-12-31,1491.68
IDXFIN.JK,2024-01-07,1524.48
IDXFIN.JK,2024-01-14,1508.1
IDXFIN.JK,2024-01-21,1519.17
IDXFIN.JK,2024-01-28,1495.04
IDXFIN.JK,2024-02-04,1503.48
IDXFIN.JK,2024-02-11,1523.83
IDXFIN.JK,2024-02-18,1513.43
IDXFIN.JK,2024-02-25,1516.63
IDXFIN.JK,2024-03-03,1534.8
IDXFIN.JK,2024-03-10,1508.86
IDXFIN.JK,2024-03-17,1515.63
IDXFIN.JK,2024-03-24,1529.35
IDXFIN.JK,2024-03-31,1475.65
IDXFIN.JK,2024-04-14,1427.98
IDXFIN.JK,2024-04-21,1406.19
IDXFIN.JK,2024-04-28,1395.14
IDXFIN.JK,2024-05-05,1375.64
IDXFIN.JK,2024-05-12,1414.09
IDXFIN.JK,2024-05-19,1370.63
IDXFIN.JK,2024-05-26,1353.12
IDXFIN.JK,2024-06-02,1351.84
IDXFIN.JK,2024-06-09,1302.66
IDXFIN.JK,2024-06-16,1338.01
IDXFIN.JK,2024-06-23,1364.97
IDXFIN.JK,2024-06-30,1374.84
IDXFIN.JK,2024-07-07,1400.77
IDXFIN.JK,2024-07-14,1400.34
IDXFIN.JK,2024-07-21,1395.98
IDXFIN.JK,2024-07-28,1412.8
IDXFIN.JK,2024-08-04,1406.97
IDXFIN.JK,2024-08-11,1436.22
IDXFIN.JK,2024-08-18,1472.18
IDXFIN.JK,2024-08-25,1473.49
IDXFIN.JK,2024-09-01,1536.26
IDXFIN.JK,2024-09-08,1535.29
IDXFIN.JK,2024-09-15,1558.04
IDXFIN.JK,2024-09-22,1541.19
IDXFIN.JK,2024-09-29,1499.61
IDXFIN.JK,2024-10-06,1510.79
IDXFIN.JK,2024-10-13,1542.03
IDXFIN.JK,2024-10-20,1545.11
IDXFIN.JK,2024-10-27,1516.28
IDXFIN.JK,2024-11-03,1477.11
IDXFIN.JK,2024-11-10,1453.43
IDXFIN.JK,2024-11-17,1453.7
IDXFIN.JK,2024-11-24,1455.97
IDXFIN.JK,2024-12-01,1462.82
IDXFIN.JK,2024-12-08,1443.28
IDXFIN.JK,2024-12-15,1382.15
IDXFIN.JK,2024-12-22,1396.55
IDXFIN.JK,2024-12-29,1406.59
IDXFIN.JK,2025-01-05,1384.35
IDXFIN.JK,2025-01-12,1406.85
IDXFIN.JK,2025-01-19,1412.57
IDXFIN.JK,2025-01-26,1418.75
IDXFIN.JK,2025-02-02,1364.63
IDXFIN.JK,2025-02-09,1356.6
IDXFIN.JK,2025-02-16,1373.79
IDXFIN.JK,2025-02-23,1289.52
IDXFIN.JK,2025-03-02,1351.54
IDXFIN.JK,2025-03-09,1321.87
IDXFIN.JK,2025-03-16,1258.89
IDXFIN.JK,2025-03-23,1341.72
IDXFIN.JK,2025-04-06,1312.5
IDXFIN.JK,2025-04-13,1310.31
IDXFIN.JK,2025-04-20,1362.9
IDXFIN.JK,2025-04-27,1382.63
IDXFIN.JK,2025-05-04,1378.16
IDXFIN.JK,2025-05-11,1429.25
IDXFIN.JK,2025-05-18,1448.52
IDXFIN.JK,2025-05-25,1439.09
IDXFIN.JK,2025-06-01,1397.85
IDXFIN.JK,2025-06-08,1398.47
IDXFIN.JK,2025-06-15,1350.58
IDXFIN.JK,2025-06-22,1367
IDXFIN.JK,2025-06-29,1341.98
IDXFIN.JK,2025-07-06,1386.33
IDXFIN.JK,2025-07-13,1376.85
IDXFIN.JK,2025-07-20,1442.05
IDXFIN.JK,2025-07-27,1374.34
IDXFIN.JK,2025-08-03,1394.63
IDXFIN.JK,2025-08-10,1451.83
IDXFIN.JK,2025-08-17,1461.19
IDXFIN.JK,2025-08-24,1462.77
IDXFIN.JK,2025-08-31,1455.08
IDXFIN.JK,2025-09-07,1461.19
IDXFIN.JK,2025-09-14,1458.45
IDXFIN.JK,2025-09-21,1473.93
IDXFIN.JK,2025-09-28,1460
IDXFIN.JK,2025-10-05,1440.73
IDXFIN.JK,2025-10-12,1374.53
IDXFIN.JK,2025-10-19,1453.67
IDXFIN.JK,2025-10-26,1451.453
IDXFIN.JK,2025-11-02,1474.597
IDXFIN.JK,2025-11-09,1458.149
IDXFIN.JK,2025-11-16,1466.665
IDXFIN.JK,2025-11-23,1511.299
IDXFIN.JK,2025-11-30,1530.14
IDXFIN.JK,2025-12-07,1504.983
IDXFIN.JK,2025-12-14,1543.15
IDXFIN.JK,2025-12-21,1521.425
IDXFIN.JK,2025-12-28,1536.553
IDXFIN.JK,2026-01-04,1541.023
IDXFIN.JK,2026-01-11,1556.761
IDXFIN.JK,2026-01-18,1530.096
IDXFIN.JK,2026-01-25,1483.996
IDXFIN.JK,2026-02-01,1462.647
IDXFIN.JK,2026-02-08,1459.035
IDXFIN.JK,2026-02-15,1464.743
IDXFIN.JK,2026-02-22,1480.613
IDXFIN.JK,2026-03-01,1399.726
IDXFIN.JK,2026-03-08,1373.185
IDXFIN.JK,2026-03-15,1385.688
IDXFIN.JK,2026-03-22,1378.819
IDXFIN.JK,2026-03-29,1348.103
IDXFIN.JK,2026-04-05,1413.699
IDXFIN.JK,2026-04-12,1398.483
IDXFIN.JK,2026-04-19,1355.666
IDXFIN.JK,2026-04-26,1358.352
IDXFIN.JK,2026-05-03,1385.107
IDXFIN.JK,2026-05-10,1357.281
IDXFIN.JK,2026-05-17,1301.492
IDXFIN.JK,2026-05-24,1286.431
IDXFIN.JK,2026-05-31,1199.704
IDXFIN.JK,2026-06-07,1315.689
IDXPROP.JK,2023-12-17,698.46
IDXPROP.JK,2023-12-24,714.18
IDXPROP.JK,2023-12-31,713.13
IDXPROP.JK,2024-01-07,714.89
IDXPROP.JK,2024-01-14,702.36
IDXPROP.JK,2024-01-21,701.79
IDXPROP.JK,2024-01-28,690.78
IDXPROP.JK,2024-02-04,696.22
IDXPROP.JK,2024-02-11,696.99
IDXPROP.JK,2024-02-18,696.95
IDXPROP.JK,2024-02-25,690.84
IDXPROP.JK,2024-03-03,676.48
IDXPROP.JK,2024-03-10,671.71
IDXPROP.JK,2024-03-17,680.19
IDXPROP.JK,2024-03-24,664.13
IDXPROP.JK,2024-03-31,650.14
IDXPROP.JK,2024-04-14,611.7
IDXPROP.JK,2024-04-21,615.46
IDXPROP.JK,2024-04-28,617.35
IDXPROP.JK,2024-05-05,621.37
IDXPROP.JK,2024-05-12,637.55
IDXPROP.JK,2024-05-19,631.76
IDXPROP.JK,2024-05-26,614.33
IDXPROP.JK,2024-06-02,615.96
IDXPROP.JK,2024-06-09,602.53
IDXPROP.JK,2024-06-16,596.8
IDXPROP.JK,2024-06-23,591.84
IDXPROP.JK,2024-06-30,600.11
IDXPROP.JK,2024-07-07,643.62
IDXPROP.JK,2024-07-14,639.78
IDXPROP.JK,2024-07-21,633.64
IDXPROP.JK,2024-07-28,652.32
IDXPROP.JK,2024-08-04,661.72
IDXPROP.JK,2024-08-11,672.4
IDXPROP.JK,2024-08-18,682.89
IDXPROP.JK,2024-08-25,721.91
IDXPROP.JK,2024-09-01,737.14
IDXPROP.JK,2024-09-08,760.18
IDXPROP.JK,2024-09-15,778.84
IDXPROP.JK,2024-09-22,804.46
IDXPROP.JK,2024-09-29,782.46
IDXPROP.JK,2024-10-06,816.9
IDXPROP.JK,2024-10-13,842.28
IDXPROP.JK,2024-10-20,826.62
IDXPROP.JK,2024-10-27,834.02
IDXPROP.JK,2024-11-03,801.38
IDXPROP.JK,2024-11-10,770.37
IDXPROP.JK,2024-11-17,758.6
IDXPROP.JK,2024-11-24,765.91
IDXPROP.JK,2024-12-01,791.08
IDXPROP.JK,2024-12-08,787.77
IDXPROP.JK,2024-12-15,739.42
IDXPROP.JK,2024-12-22,754.91
IDXPROP.JK,2024-12-29,763.5
IDXPROP.JK,2025-01-05,750.58
IDXPROP.JK,2025-01-12,788.24
IDXPROP.JK,2025-01-19,767.54
IDXPROP.JK,2025-01-26,753.92
IDXPROP.JK,2025-02-02,739.23
IDXPROP.JK,2025-02-09,745.58
IDXPROP.JK,2025-02-16,738.73
IDXPROP.JK,2025-02-23,700.36
IDXPROP.JK,2025-03-02,732.66
IDXPROP.JK,2025-03-09,704.8
IDXPROP.JK,2025-03-16,666.83
IDXPROP.JK,2025-03-23,682.64
IDXPROP.JK,2025-04-06,656.16
IDXPROP.JK,2025-04-13,692.7
IDXPROP.JK,2025-04-20,730.65
IDXPROP.JK,2025-04-27,743.93
IDXPROP.JK,2025-05-04,737.36
IDXPROP.JK,2025-05-11,753.81
IDXPROP.JK,2025-05-18,752.4
IDXPROP.JK,2025-05-25,739.58
IDXPROP.JK,2025-06-01,737.92
IDXPROP.JK,2025-06-08,738.34
IDXPROP.JK,2025-06-15,726.84
IDXPROP.JK,2025-06-22,723.2
IDXPROP.JK,2025-06-29,720.15
IDXPROP.JK,2025-07-06,741.77
IDXPROP.JK,2025-07-13,742.18
IDXPROP.JK,2025-07-20,761.94
IDXPROP.JK,2025-07-27,777.2
IDXPROP.JK,2025-08-03,792.58
IDXPROP.JK,2025-08-10,817.56
IDXPROP.JK,2025-08-17,840.54
IDXPROP.JK,2025-08-24,864.49
IDXPROP.JK,2025-08-31,870.23
IDXPROP.JK,2025-09-07,870.68
IDXPROP.JK,2025-09-14,877.29
IDXPROP.JK,2025-09-21,924.77
IDXPROP.JK,2025-09-28,959.53
IDXPROP.JK,2025-10-05,973.71
IDXPROP.JK,2025-10-12,968.66
IDXPROP.JK,2025-10-19,1121.9
IDXPROP.JK,2025-10-26,1092.725
IDXPROP.JK,2025-11-02,1053.386
IDXPROP.JK,2025-11-09,1109.737
IDXPROP.JK,2025-11-16,1155.162
IDXPROP.JK,2025-11-23,1225.523
IDXPROP.JK,2025-11-30,1223.807
IDXPROP.JK,2025-12-07,1203.099
IDXPROP.JK,2025-12-14,1184.649
IDXPROP.JK,2025-12-21,1158.98
IDXPROP.JK,2025-12-28,1181.619
IDXPROP.JK,2026-01-04,1246.853
IDXPROP.JK,2026-01-11,1289.761
IDXPROP.JK,2026-01-18,1261.341
IDXPROP.JK,2026-01-25,1127.814
IDXPROP.JK,2026-02-01,1067.251
IDXPROP.JK,2026-02-08,1118.529
IDXPROP.JK,2026-02-15,1109.688
IDXPROP.JK,2026-02-22,1077.819
IDXPROP.JK,2026-03-01,981.167
IDXPROP.JK,2026-03-08,928.134
IDXPROP.JK,2026-03-15,919.931
IDXPROP.JK,2026-03-22,920.856
IDXPROP.JK,2026-03-29,918.057
IDXPROP.JK,2026-04-05,955.95
IDXPROP.JK,2026-04-12,993.655
IDXPROP.JK,2026-04-19,931.064
IDXPROP.JK,2026-04-26,919.445
IDXPROP.JK,2026-05-03,914.579
IDXPROP.JK,2026-05-10,895.41
IDXPROP.JK,2026-05-17,820.022
IDXPROP.JK,2026-05-24,803.929
IDXPROP.JK,2026-05-31,712.836
IDXPROP.JK,2026-06-07,751.362
IDXTECH.JK,2023-12-17,4364.93
IDXTECH.JK,2023-12-24,4435.61
IDXTECH.JK,2023-12-31,4381.41
IDXTECH.JK,2024-01-07,4336.56
IDXTECH.JK,2024-01-14,4228.82
IDXTECH.JK,2024-01-21,4074.19
IDXTECH.JK,2024-01-28,4094.79
IDXTECH.JK,2024-02-04,3993.83
IDXTECH.JK,2024-02-11,3916.05
IDXTECH.JK,2024-02-18,3860.17
IDXTECH.JK,2024-02-25,3679.23
IDXTECH.JK,2024-03-03,3640.46
IDXTECH.JK,2024-03-10,3617.12
IDXTECH.JK,2024-03-17,3590.75
IDXTECH.JK,2024-03-24,3580.27
IDXTECH.JK,2024-03-31,3513.14
IDXTECH.JK,2024-04-14,3230.05
IDXTECH.JK,2024-04-21,3281.74
IDXTECH.JK,2024-04-28,3364.09
IDXTECH.JK,2024-05-05,3371.24
IDXTECH.JK,2024-05-12,3440.91
IDXTECH.JK,2024-05-19,3449.12
IDXTECH.JK,2024-05-26,3391.52
IDXTECH.JK,2024-06-02,3276.82
IDXTECH.JK,2024-06-09,3102.4
IDXTECH.JK,2024-06-16,3116.27
IDXTECH.JK,2024-06-23,3169.85
IDXTECH.JK,2024-06-30,3260.33
IDXTECH.JK,2024-07-07,3275.84
IDXTECH.JK,2024-07-14,3265.59
IDXTECH.JK,2024-07-21,3345.21
IDXTECH.JK,2024-07-28,3272.03
IDXTECH.JK,2024-08-04,3224.77
IDXTECH.JK,2024-08-11,3353.15
IDXTECH.JK,2024-08-18,3323.48
IDXTECH.JK,2024-08-25,3263.3
IDXTECH.JK,2024-09-01,3304.97
IDXTECH.JK,2024-09-08,3861.97
IDXTECH.JK,2024-09-15,3785.89
IDXTECH.JK,2024-09-22,3905
IDXTECH.JK,2024-09-29,3667.05
IDXTECH.JK,2024-10-06,3755.92
IDXTECH.JK,2024-10-13,3974.22
IDXTECH.JK,2024-10-20,4051.74
IDXTECH.JK,2024-10-27,4002.5
IDXTECH.JK,2024-11-03,3791.52
IDXTECH.JK,2024-11-10,4070.25
IDXTECH.JK,2024-11-17,4256.04
IDXTECH.JK,2024-11-24,4105.19
IDXTECH.JK,2024-12-01,4274.7
IDXTECH.JK,2024-12-08,4229.82
IDXTECH.JK,2024-12-15,3991.84
IDXTECH.JK,2024-12-22,3880.87
IDXTECH.JK,2024-12-29,4133.95
IDXTECH.JK,2025-01-05,4119
IDXTECH.JK,2025-01-12,4213.5
IDXTECH.JK,2025-01-19,4289.67
IDXTECH.JK,2025-01-26,4348.05
IDXTECH.JK,2025-02-02,4518.12
IDXTECH.JK,2025-02-09,4639.79
IDXTECH.JK,2025-02-16,5579.06
IDXTECH.JK,2025-02-23,6240.57
IDXTECH.JK,2025-03-02,7269.1
IDXTECH.JK,2025-03-09,7764.57
IDXTECH.JK,2025-03-16,7114.89
IDXTECH.JK,2025-03-23,7581.25
IDXTECH.JK,2025-04-06,7044.76
IDXTECH.JK,2025-04-13,7153.59
IDXTECH.JK,2025-04-20,7527.57
IDXTECH.JK,2025-04-27,7497.8
IDXTECH.JK,2025-05-04,7359.29
IDXTECH.JK,2025-05-11,7122.68
IDXTECH.JK,2025-05-18,6938.26
IDXTECH.JK,2025-05-25,6801.87
IDXTECH.JK,2025-06-01,6725.86
IDXTECH.JK,2025-06-08,6824.84
IDXTECH.JK,2025-06-15,6652.71
IDXTECH.JK,2025-06-22,6568.22
IDXTECH.JK,2025-06-29,6496.68
IDXTECH.JK,2025-07-06,6512.39
IDXTECH.JK,2025-07-13,7807.27
IDXTECH.JK,2025-07-20,8932.23
IDXTECH.JK,2025-07-27,9377.74
IDXTECH.JK,2025-08-03,8885.9
IDXTECH.JK,2025-08-10,10255.5
IDXTECH.JK,2025-08-17,10397.54
IDXTECH.JK,2025-08-24,10357.62
IDXTECH.JK,2025-08-31,10292.22
IDXTECH.JK,2025-09-07,9889.31
IDXTECH.JK,2025-09-14,10896.43
IDXTECH.JK,2025-09-21,10927.53
IDXTECH.JK,2025-09-28,11470.98
IDXTECH.JK,2025-10-05,11512.77
IDXTECH.JK,2025-10-12,10178.61
IDXTECH.JK,2025-10-19,9703.63
IDXTECH.JK,2025-10-26,9869.206
IDXTECH.JK,2025-11-02,10150.861
IDXTECH.JK,2025-11-09,10312.618
IDXTECH.JK,2025-11-16,10314.528
IDXTECH.JK,2025-11-23,10125.717
IDXTECH.JK,2025-11-30,10283.902
IDXTECH.JK,2025-12-07,10397.349
IDXTECH.JK,2025-12-14,10060.878
IDXTECH.JK,2025-12-21,9736.79
IDXTECH.JK,2025-12-28,9955.012
IDXTECH.JK,2026-01-04,9893.843
IDXTECH.JK,2026-01-11,9761.857
IDXTECH.JK,2026-01-18,9424.273
IDXTECH.JK,2026-01-25,8912.686
IDXTECH.JK,2026-02-01,8525.989
IDXTECH.JK,2026-02-08,8736.947
IDXTECH.JK,2026-02-15,8751.41
IDXTECH.JK,2026-02-22,8565.01
IDXTECH.JK,2026-03-01,7857.052
IDXTECH.JK,2026-03-08,7600.105
IDXTECH.JK,2026-03-15,7636.861
IDXTECH.JK,2026-03-22,7571.435
IDXTECH.JK,2026-03-29,7530.706
IDXTECH.JK,2026-04-05,7900.278
IDXTECH.JK,2026-04-12,8163.202
IDXTECH.JK,2026-04-19,7747.997
IDXTECH.JK,2026-04-26,7716.842
IDXTECH.JK,2026-05-03,7524.243
IDXTECH.JK,2026-05-10,7396.392
IDXTECH.JK,2026-05-17,7021.088
IDXTECH.JK,2026-05-24,6960.286
IDXTECH.JK,2026-05-31,6326.108
IDXTECH.JK,2026-06-07,6583.501
IDXINFRA.JK,2023-12-17,1576.09
IDXINFRA.JK,2023-12-24,1570.03
IDXINFRA.JK,2023-12-31,1570.16
IDXINFRA.JK,2024-01-07,1535.15
IDXINFRA.JK,2024-01-14,1530.68
IDXINFRA.JK,2024-01-21,1533.17
IDXINFRA.JK,2024-01-28,1526.94
IDXINFRA.JK,2024-02-04,1517.29
IDXINFRA.JK,2024-02-11,1534.72
IDXINFRA.JK,2024-02-18,1573.74
IDXINFRA.JK,2024-02-25,1610.26
IDXINFRA.JK,2024-03-03,1587.87
IDXINFRA.JK,2024-03-10,1585.89
IDXINFRA.JK,2024-03-17,1585.78
IDXINFRA.JK,2024-03-24,1559.62
IDXINFRA.JK,2024-03-31,1600.91
IDXINFRA.JK,2024-04-14,1580.92
IDXINFRA.JK,2024-04-21,1596.06
IDXINFRA.JK,2024-04-28,1617.93
IDXINFRA.JK,2024-05-05,1617.27
IDXINFRA.JK,2024-05-12,1629.32
IDXINFRA.JK,2024-05-19,1617.8
IDXINFRA.JK,2024-05-26,1503.49
IDXINFRA.JK,2024-06-02,1439.25
IDXINFRA.JK,2024-06-09,1437.56
IDXINFRA.JK,2024-06-16,1513.25
IDXINFRA.JK,2024-06-23,1548.76
IDXINFRA.JK,2024-06-30,1548.53
IDXINFRA.JK,2024-07-07,1612.42
IDXINFRA.JK,2024-07-14,1593.69
IDXINFRA.JK,2024-07-21,1584.9
IDXINFRA.JK,2024-07-28,1557.37
IDXINFRA.JK,2024-08-04,1546.82
IDXINFRA.JK,2024-08-11,1599.97
IDXINFRA.JK,2024-08-18,1591.21
IDXINFRA.JK,2024-08-25,1629.18
IDXINFRA.JK,2024-09-01,1652.6
IDXINFRA.JK,2024-09-08,1660.25
IDXINFRA.JK,2024-09-15,1591.34
IDXINFRA.JK,2024-09-22,1571.36
IDXINFRA.JK,2024-09-29,1522.48
IDXINFRA.JK,2024-10-06,1541.38
IDXINFRA.JK,2024-10-13,1550.31
IDXINFRA.JK,2024-10-20,1514.02
IDXINFRA.JK,2024-10-27,1492.57
IDXINFRA.JK,2024-11-03,1440.92
IDXINFRA.JK,2024-11-10,1408.19
IDXINFRA.JK,2024-11-17,1436.83
IDXINFRA.JK,2024-11-24,1421.19
IDXINFRA.JK,2024-12-01,1482.35
IDXINFRA.JK,2024-12-08,1477.72
IDXINFRA.JK,2024-12-15,1432.75
IDXINFRA.JK,2024-12-22,1469.52
IDXINFRA.JK,2024-12-29,1478.93
IDXINFRA.JK,2025-01-05,1472.8
IDXINFRA.JK,2025-01-12,1475.89
IDXINFRA.JK,2025-01-19,1509.42
IDXINFRA.JK,2025-01-26,1470.16
IDXINFRA.JK,2025-02-02,1394.35
IDXINFRA.JK,2025-02-09,1346.24
IDXINFRA.JK,2025-02-16,1365.21
IDXINFRA.JK,2025-02-23,1248.95
IDXINFRA.JK,2025-03-02,1284.02
IDXINFRA.JK,2025-03-09,1250.77
IDXINFRA.JK,2025-03-16,1216.77
IDXINFRA.JK,2025-03-23,1237.43
IDXINFRA.JK,2025-04-06,1203.22
IDXINFRA.JK,2025-04-13,1289.94
IDXINFRA.JK,2025-04-20,1335.69
IDXINFRA.JK,2025-04-27,1361.48
IDXINFRA.JK,2025-05-04,1343.77
IDXINFRA.JK,2025-05-11,1422.71
IDXINFRA.JK,2025-05-18,1430.02
IDXINFRA.JK,2025-05-25,1422.02
IDXINFRA.JK,2025-06-01,1408.62
IDXINFRA.JK,2025-06-08,1416.85
IDXINFRA.JK,2025-06-15,1393.23
IDXINFRA.JK,2025-06-22,1394.36
IDXINFRA.JK,2025-06-29,1399.87
IDXINFRA.JK,2025-07-06,1491.01
IDXINFRA.JK,2025-07-13,1764.57
IDXINFRA.JK,2025-07-20,1891.66
IDXINFRA.JK,2025-07-27,1887.81
IDXINFRA.JK,2025-08-03,1873.16
IDXINFRA.JK,2025-08-10,1905.65
IDXINFRA.JK,2025-08-17,1871.47
IDXINFRA.JK,2025-08-24,1874.67
IDXINFRA.JK,2025-08-31,1837.08
IDXINFRA.JK,2025-09-07,1795.71
IDXINFRA.JK,2025-09-14,1851.35
IDXINFRA.JK,2025-09-21,1858.95
IDXINFRA.JK,2025-09-28,1866.59
IDXINFRA.JK,2025-10-05,1991.27
IDXINFRA.JK,2025-10-12,1855.35
IDXINFRA.JK,2025-10-19,1934.76
IDXINFRA.JK,2025-10-26,1918.736
IDXINFRA.JK,2025-11-02,2033.451
IDXINFRA.JK,2025-11-09,2174.256
IDXINFRA.JK,2025-11-16,2207.339
IDXINFRA.JK,2025-11-23,2303.396
IDXINFRA.JK,2025-11-30,2523.142
IDXINFRA.JK,2025-12-07,2598.84
IDXINFRA.JK,2025-12-14,2551.204
IDXINFRA.JK,2025-12-21,2533.269
IDXINFRA.JK,2025-12-28,2682.875
IDXINFRA.JK,2026-01-04,2745.444
IDXINFRA.JK,2026-01-11,2751.849
IDXINFRA.JK,2026-01-18,2790.25
IDXINFRA.JK,2026-01-25,2429.945
IDXINFRA.JK,2026-02-01,2155.979
IDXINFRA.JK,2026-02-08,2269.082
IDXINFRA.JK,2026-02-15,2328.335
IDXINFRA.JK,2026-02-22,2256.679
IDXINFRA.JK,2026-03-01,2046.369
IDXINFRA.JK,2026-03-08,1877.987
IDXINFRA.JK,2026-03-15,1929.311
IDXINFRA.JK,2026-03-22,1937.978
IDXINFRA.JK,2026-03-29,1902.116
IDXINFRA.JK,2026-04-05,2068.936
IDXINFRA.JK,2026-04-12,2180.655
IDXINFRA.JK,2026-04-19,2059.232
IDXINFRA.JK,2026-04-26,2018.147
IDXINFRA.JK,2026-05-03,2118.999
IDXINFRA.JK,2026-05-10,2061.457
IDXINFRA.JK,2026-05-17,1838.917
IDXINFRA.JK,2026-05-24,1910.086
IDXINFRA.JK,2026-05-31,1688.113
IDXINFRA.JK,2026-06-07,1766.988
IDXTRANS.JK,2023-12-17,1600.34
IDXTRANS.JK,2023-12-24,1601.51
IDXTRANS.JK,2023-12-31,1690.91
IDXTRANS.JK,2024-01-07,1661.66
IDXTRANS.JK,2024-01-14,1681.49
IDXTRANS.JK,2024-01-21,1581.62
IDXTRANS.JK,2024-01-28,1561
IDXTRANS.JK,2024-02-04,1566.07
IDXTRANS.JK,2024-02-11,1566.77
IDXTRANS.JK,2024-02-18,1578.13
IDXTRANS.JK,2024-02-25,1564.32
IDXTRANS.JK,2024-03-03,1581.6
IDXTRANS.JK,2024-03-10,1588.96
IDXTRANS.JK,2024-03-17,1609.77
IDXTRANS.JK,2024-03-24,1468.77
IDXTRANS.JK,2024-03-31,1444.51
IDXTRANS.JK,2024-04-14,1355.49
IDXTRANS.JK,2024-04-21,1312.48
IDXTRANS.JK,2024-04-28,1298.73
IDXTRANS.JK,2024-05-05,1292.94
IDXTRANS.JK,2024-05-12,1320.74
IDXTRANS.JK,2024-05-19,1290.74
IDXTRANS.JK,2024-05-26,1268.34
IDXTRANS.JK,2024-06-02,1265.25
IDXTRANS.JK,2024-06-09,1217.61
IDXTRANS.JK,2024-06-16,1237.77
IDXTRANS.JK,2024-06-23,1239.42
IDXTRANS.JK,2024-06-30,1300.9
IDXTRANS.JK,2024-07-07,1337.88
IDXTRANS.JK,2024-07-14,1356.94
IDXTRANS.JK,2024-07-21,1378.07
IDXTRANS.JK,2024-07-28,1377.06
IDXTRANS.JK,2024-08-04,1357.38
IDXTRANS.JK,2024-08-11,1421.32
IDXTRANS.JK,2024-08-18,1445.86
IDXTRANS.JK,2024-08-25,1448.28
IDXTRANS.JK,2024-09-01,1449.48
IDXTRANS.JK,2024-09-08,1483.03
IDXTRANS.JK,2024-09-15,1522.28
IDXTRANS.JK,2024-09-22,1496.42
IDXTRANS.JK,2024-09-29,1483.23
IDXTRANS.JK,2024-10-06,1507.14
IDXTRANS.JK,2024-10-13,1507.63
IDXTRANS.JK,2024-10-20,1522.11
IDXTRANS.JK,2024-10-27,1478.66
IDXTRANS.JK,2024-11-03,1428.89
IDXTRANS.JK,2024-11-10,1400.55
IDXTRANS.JK,2024-11-17,1412.67
IDXTRANS.JK,2024-11-24,1398.38
IDXTRANS.JK,2024-12-01,1379.59
IDXTRANS.JK,2024-12-08,1336.51
IDXTRANS.JK,2024-12-15,1267.69
IDXTRANS.JK,2024-12-22,1293.11
IDXTRANS.JK,2024-12-29,1305.87
IDXTRANS.JK,2025-01-05,1273.42
IDXTRANS.JK,2025-01-12,1271.68
IDXTRANS.JK,2025-01-19,1278.87
IDXTRANS.JK,2025-01-26,1275.56
IDXTRANS.JK,2025-02-02,1233.94
IDXTRANS.JK,2025-02-09,1206.51
IDXTRANS.JK,2025-02-16,1214.94
IDXTRANS.JK,2025-02-23,1158.25
IDXTRANS.JK,2025-03-02,1162.38
IDXTRANS.JK,2025-03-09,1141.63
IDXTRANS.JK,2025-03-16,1111.88
IDXTRANS.JK,2025-03-23,1139.19
IDXTRANS.JK,2025-04-06,1112.84
IDXTRANS.JK,2025-04-13,1142.29
IDXTRANS.JK,2025-04-20,1184.24
IDXTRANS.JK,2025-04-27,1221.1
IDXTRANS.JK,2025-05-04,1221.94
IDXTRANS.JK,2025-05-11,1252.26
IDXTRANS.JK,2025-05-18,1351.19
IDXTRANS.JK,2025-05-25,1361.87
IDXTRANS.JK,2025-06-01,1377.39
IDXTRANS.JK,2025-06-08,1443.23
IDXTRANS.JK,2025-06-15,1425.57
IDXTRANS.JK,2025-06-22,1429.51
IDXTRANS.JK,2025-06-29,1432.52
IDXTRANS.JK,2025-07-06,1453.3
IDXTRANS.JK,2025-07-13,1517.22
IDXTRANS.JK,2025-07-20,1516.9
IDXTRANS.JK,2025-07-27,1495.01
IDXTRANS.JK,2025-08-03,1499.42
IDXTRANS.JK,2025-08-10,1529.82
IDXTRANS.JK,2025-08-17,1588.69
IDXTRANS.JK,2025-08-24,1594.09
IDXTRANS.JK,2025-08-31,1610.12
IDXTRANS.JK,2025-09-07,1634.95
IDXTRANS.JK,2025-09-14,1690.43
IDXTRANS.JK,2025-09-21,1688.05
IDXTRANS.JK,2025-09-28,1613.94
IDXTRANS.JK,2025-10-05,1780.58
IDXTRANS.JK,2025-10-12,1667.14
IDXTRANS.JK,2025-10-19,1808.08
IDXTRANS.JK,2025-10-26,1787.277
IDXTRANS.JK,2025-11-02,1832.618
IDXTRANS.JK,2025-11-09,1916.849
IDXTRANS.JK,2025-11-16,1874.34
IDXTRANS.JK,2025-11-23,1868.942
IDXTRANS.JK,2025-11-30,1986.235
IDXTRANS.JK,2025-12-07,1968.416
IDXTRANS.JK,2025-12-14,1934.785
IDXTRANS.JK,2025-12-21,1917.898
IDXTRANS.JK,2025-12-28,2095.026
IDXTRANS.JK,2026-01-04,2130.243
IDXTRANS.JK,2026-01-11,2140.336
IDXTRANS.JK,2026-01-18,1990.625
IDXTRANS.JK,2026-01-25,2016.832
IDXTRANS.JK,2026-02-01,1994.619
IDXTRANS.JK,2026-02-08,2127.635
IDXTRANS.JK,2026-02-15,2215.235
IDXTRANS.JK,2026-02-22,2127.945
IDXTRANS.JK,2026-03-01,1871.587
IDXTRANS.JK,2026-03-08,1760.105
IDXTRANS.JK,2026-03-15,1796.48
IDXTRANS.JK,2026-03-22,1900.379
IDXTRANS.JK,2026-03-29,1832.494
IDXTRANS.JK,2026-04-05,1884.471
IDXTRANS.JK,2026-04-12,2112.834
IDXTRANS.JK,2026-04-19,2210.163
IDXTRANS.JK,2026-04-26,2196.031
IDXTRANS.JK,2026-05-03,2070.045
IDXTRANS.JK,2026-05-10,2142.353
IDXTRANS.JK,2026-05-17,1731.357
IDXTRANS.JK,2026-05-24,1812.477
IDXTRANS.JK,2026-05-31,1557.254
IDXTRANS.JK,2026-06-07,1699.284
